feature,importance
Torque [Nm],0.33042892848047595
Rotational speed [rpm],0.26834242296305505
Tool wear [min],0.21050906324046537
Air temperature [K],0.098367128410029
Process temperature [K],0.06483805222980416
Type,0.02751440467617056
