feature,importance
Torque [Nm],0.32172540454919163
Rotational speed [rpm],0.27579111540655427
Tool wear [min],0.21104490288339892
Air temperature [K],0.10164794482570129
Process temperature [K],0.062449243550626886
Type,0.02734138878452693
